month,path,count
2007-01,OldFiles,2
2007-01,groove-docs,28
2007-01,groove-samples,16
2007-01,groove/1.1.0,4
2007-01,groove/1.1.1,4
2007-01,groove/1.1.2,4
2007-01,groove/1.2.0,3
2007-01,groove/1.4.0,54
2007-02,OldFiles,2
2007-02,groove-docs,38
2007-02,groove-samples,3
2007-02,groove/1.4.1,46
2007-03,OldFiles,9
2007-03,groove-docs,41
2007-03,groove-samples,27
2007-03,groove/1.4.0,20
2007-03,groove/1.4.1,42
2007-03,groove/1.4.2,53
2007-04,groove-docs,30
2007-04,groove-samples,30
2007-04,groove/0.2.4,3
2007-04,groove/1.0.0,3
2007-04,groove/1.1.0,3
2007-04,groove/1.1.1,3
2007-04,groove/1.1.2,6
2007-04,groove/1.2.0,6
2007-04,groove/1.4.0,4
2007-04,groove/1.4.1,5
2007-04,groove/1.4.2,80
2007-05,groove-docs,11
2007-05,groove-samples,18
2007-05,groove/1.1.2,2
2007-05,groove/1.2.0,3
2007-05,groove/1.4.0,1
2007-05,groove/1.4.2,47
2007-06,groove-docs,19
2007-06,groove-samples,20
2007-06,groove/1.4.0,2
2007-06,groove/1.4.1,5
2007-06,groove/1.4.2,14
2007-06,groove/1.6.0,27
2007-07,groove-samples,10
2007-07,groove/1.4.2,2
2007-07,groove/1.6.0,32
2007-08,groove-samples,17
2007-08,groove/1.4.2,4
2007-08,groove/1.6.0,25
2007-09,groove-docs,4
2007-09,groove-samples,28
2007-09,groove/0.2.4,5
2007-09,groove/1.0.0,1
2007-09,groove/1.1.0,3
2007-09,groove/1.1.1,3
2007-09,groove/1.1.2,3
2007-09,groove/1.2.0,6
2007-09,groove/1.4.0,4
2007-09,groove/1.4.1,1
2007-09,groove/1.4.2,6
2007-09,groove/1.6.0,35
2007-10,groove-docs,20
2007-10,groove-samples,29
2007-10,groove/0.2.4,11
2007-10,groove/1.0.0,5
2007-10,groove/1.1.0,3
2007-10,groove/1.1.1,2
2007-10,groove/1.1.2,2
2007-10,groove/1.2.0,1
2007-10,groove/1.4.1,3
2007-10,groove/1.4.2,11
2007-10,groove/1.6.0,44
2007-10,groove/1.8.0,26
2007-11,groove-docs,10
2007-11,groove-samples,52
2007-11,groove/0.2.4,2
2007-11,groove/1.1.1,1
2007-11,groove/1.1.2,1
2007-11,groove/1.4.0,1
2007-11,groove/1.4.2,5
2007-11,groove/1.8.0,65
2007-11,groove/2.0.0,46
2007-12,groove-docs,5
2007-12,groove-samples,20
2007-12,groove/0.2.4,1
2007-12,groove/1.0.0,2
2007-12,groove/1.1.0,3
2007-12,groove/1.1.1,2
2007-12,groove/1.2.0,1
2007-12,groove/1.4.0,1
2007-12,groove/1.4.1,3
2007-12,groove/1.4.2,1
2007-12,groove/1.8.0,3
2007-12,groove/2.0.0,57
2007-12,groove/2.0.2,22
2008-01,groove-docs,14
2008-01,groove-samples,31
2008-01,groove/1.4.0,2
2008-01,groove/1.4.2,10
2008-01,groove/1.6.0,2
2008-01,groove/1.8.0,3
2008-01,groove/2.0.0,2
2008-01,groove/2.0.2,16
2008-01,groove/2.0.3,55
2008-02,groove-docs,7
2008-02,groove-samples,17
2008-02,groove/1.0.0,3
2008-02,groove/1.6.0,2
2008-02,groove/1.8.0,1
2008-02,groove/2.0.0,1
2008-02,groove/2.0.2,2
2008-02,groove/2.0.3,42
2008-03,groove-docs,8
2008-03,groove-samples,19
2008-03,groove/1.4.1,3
2008-03,groove/1.4.2,2
2008-03,groove/1.8.0,2
2008-03,groove/2.0.0,9
2008-03,groove/2.0.2,7
2008-03,groove/2.0.3,25
2008-03,groove/3.0.0,27
2008-04,groove-docs,9
2008-04,groove-samples,19
2008-04,groove/0.2.4,4
2008-04,groove/1.0.0,2
2008-04,groove/1.1.0,1
2008-04,groove/1.1.1,4
2008-04,groove/1.4.0,2
2008-04,groove/1.4.1,1
2008-04,groove/1.4.2,8
2008-04,groove/2.0.0,4
2008-04,groove/2.0.2,2
2008-04,groove/2.0.3,2
2008-04,groove/3.0.0,36
2008-05,groove-docs,7
2008-05,groove-samples,11
2008-05,groove/1.1.1,2
2008-05,groove/1.1.2,2
2008-05,groove/1.2.0,7
2008-05,groove/1.4.2,2
2008-05,groove/1.6.0,2
2008-05,groove/1.8.0,4
2008-05,groove/2.0.0,1
2008-05,groove/2.0.3,2
2008-05,groove/3.0.0,32
2008-06,groove-docs,2
2008-06,groove-samples,27
2008-06,groove/1.1.0,3
2008-06,groove/1.4.2,4
2008-06,groove/1.6.0,1
2008-06,groove/1.8.0,1
2008-06,groove/2.0.3,1
2008-06,groove/3.0.0,32
2008-06,groove/3.0.1,28
2008-07,groove-docs,35
2008-07,groove-samples,21
2008-07,groove/1.0.0,6
2008-07,groove/1.1.1,1
2008-07,groove/1.4.2,9
2008-07,groove/1.6.0,5
2008-07,groove/1.8.0,1
2008-07,groove/3.0.1,43
2008-08,groove-docs,21
2008-08,groove-samples,18
2008-08,groove/0.2.4,1
2008-08,groove/1.4.2,5
2008-08,groove/2.0.3,3
2008-08,groove/3.0.0,4
2008-08,groove/3.0.1,65
2008-09,groove-samples,8
2008-09,groove/1.4.2,9
2008-09,groove/2.0.0,2
2008-09,groove/3.0.1,25
2008-10,groove-docs,8
2008-10,groove-samples,11
2008-10,groove/1.1.2,2
2008-10,groove/1.2.0,2
2008-10,groove/1.4.2,8
2008-10,groove/2.0.3,1
2008-10,groove/3.0.1,43
2008-11,groove-docs,1
2008-11,groove-samples,37
2008-11,groove/0.2.4,1
2008-11,groove/2.0.2,1
2008-11,groove/3.0.1,43
2008-11,groove/3.1.1,66
2008-11,groove/3.2.0,41
2008-12,groove-docs,11
2008-12,groove-samples,32
2008-12,groove/0.2.4,2
2008-12,groove/1.0.0,4
2008-12,groove/1.1.0,2
2008-12,groove/1.1.1,2
2008-12,groove/1.1.2,4
2008-12,groove/1.2.0,2
2008-12,groove/1.4.0,3
2008-12,groove/1.4.1,3
2008-12,groove/1.4.2,8
2008-12,groove/1.6.0,2
2008-12,groove/1.8.0,3
2008-12,groove/2.0.0,2
2008-12,groove/2.0.2,2
2008-12,groove/2.0.3,1
2008-12,groove/3.0.0,2
2008-12,groove/3.0.1,2
2008-12,groove/3.2.0,40
2009-01,groove-docs,6
2009-01,groove-samples,26
2009-01,groove/1.4.1,1
2009-01,groove/1.4.2,17
2009-01,groove/1.6.0,1
2009-01,groove/3.0.1,1
2009-01,groove/3.2.0,5
2009-01,groove/3.2.1,52
2009-02,groove-docs,5
2009-02,groove-samples,60
2009-02,groove/0.2.4,6
2009-02,groove/1.0.0,6
2009-02,groove/1.1.0,4
2009-02,groove/1.1.1,4
2009-02,groove/1.1.2,7
2009-02,groove/1.2.0,5
2009-02,groove/1.4.0,3
2009-02,groove/1.4.1,5
2009-02,groove/1.4.2,16
2009-02,groove/1.6.0,4
2009-02,groove/1.8.0,3
2009-02,groove/2.0.0,5
2009-02,groove/2.0.2,5
2009-02,groove/2.0.3,6
2009-02,groove/3.0.0,4
2009-02,groove/3.0.1,3
2009-02,groove/3.1.1,4
2009-02,groove/3.2.0,3
2009-02,groove/3.2.1,23
2009-03,groove-docs,5
2009-03,groove-samples,51
2009-03,groove/0.2.4,3
2009-03,groove/1.0.0,3
2009-03,groove/1.1.0,10
2009-03,groove/1.1.1,3
2009-03,groove/1.1.2,12
2009-03,groove/1.2.0,3
2009-03,groove/1.4.0,8
2009-03,groove/1.4.1,3
2009-03,groove/1.4.2,16
2009-03,groove/1.6.0,2
2009-03,groove/1.8.0,2
2009-03,groove/2.0.0,3
2009-03,groove/2.0.2,3
2009-03,groove/2.0.3,3
2009-03,groove/3.0.0,2
2009-03,groove/3.0.1,4
2009-03,groove/3.1.1,10
2009-03,groove/3.2.0,2
2009-03,groove/3.2.1,35
2009-04,groove-docs,24
2009-04,groove-samples,17
2009-04,groove/1.4.2,7
2009-04,groove/1.8.0,1
2009-04,groove/3.0.0,1
2009-04,groove/3.2.0,2
2009-04,groove/3.2.1,40
2009-05,groove-docs,6
2009-05,groove-samples,17
2009-05,groove/0.2.4,3
2009-05,groove/1.0.0,3
2009-05,groove/1.1.1,3
2009-05,groove/1.1.2,1
2009-05,groove/1.2.0,3
2009-05,groove/1.4.1,2
2009-05,groove/1.4.2,8
2009-05,groove/1.6.0,2
2009-05,groove/1.8.0,2
2009-05,groove/2.0.0,2
2009-05,groove/2.0.2,2
2009-05,groove/2.0.3,2
2009-05,groove/3.0.0,2
2009-05,groove/3.2.0,2
2009-05,groove/3.2.1,40
2009-06,groove-docs,30
2009-06,groove-samples,37
2009-06,groove/0.2.4,13
2009-06,groove/1.0.0,14
2009-06,groove/1.1.0,5
2009-06,groove/1.1.1,9
2009-06,groove/1.1.2,6
2009-06,groove/1.2.0,8
2009-06,groove/1.4.0,3
2009-06,groove/1.4.1,5
2009-06,groove/1.4.2,16
2009-06,groove/1.6.0,5
2009-06,groove/1.8.0,5
2009-06,groove/2.0.0,5
2009-06,groove/2.0.2,5
2009-06,groove/2.0.3,5
2009-06,groove/3.0.0,5
2009-06,groove/3.0.1,3
2009-06,groove/3.1.1,2
2009-06,groove/3.2.0,4
2009-06,groove/3.2.1,8
2009-06,groove/3.2.2,40
2009-07,groove-docs,40
2009-07,groove-samples,45
2009-07,groove/0.2.4,6
2009-07,groove/1.0.0,6
2009-07,groove/1.1.0,6
2009-07,groove/1.1.1,6
2009-07,groove/1.1.2,7
2009-07,groove/1.2.0,9
2009-07,groove/1.4.0,4
2009-07,groove/1.4.1,6
2009-07,groove/1.4.2,11
2009-07,groove/1.6.0,6
2009-07,groove/1.8.0,6
2009-07,groove/2.0.0,4
2009-07,groove/2.0.2,6
2009-07,groove/2.0.3,6
2009-07,groove/3.0.0,6
2009-07,groove/3.0.1,4
2009-07,groove/3.1.1,5
2009-07,groove/3.2.0,6
2009-07,groove/3.2.1,4
2009-07,groove/3.2.2,39
2009-08,groove-docs,18
2009-08,groove-samples,23
2009-08,groove/0.2.4,8
2009-08,groove/1.0.0,8
2009-08,groove/1.1.0,6
2009-08,groove/1.1.1,7
2009-08,groove/1.1.2,7
2009-08,groove/1.2.0,4
2009-08,groove/1.4.0,5
2009-08,groove/1.4.1,5
2009-08,groove/1.4.2,15
2009-08,groove/1.6.0,6
2009-08,groove/1.8.0,2
2009-08,groove/2.0.0,3
2009-08,groove/2.0.2,5
2009-08,groove/2.0.3,6
2009-08,groove/3.0.0,4
2009-08,groove/3.0.1,5
2009-08,groove/3.1.1,4
2009-08,groove/3.2.1,4
2009-08,groove/3.2.2,28
2009-09,groove-docs,20
2009-09,groove-samples,24
2009-09,groove/0.2.4,5
2009-09,groove/1.0.0,7
2009-09,groove/1.1.0,7
2009-09,groove/1.1.1,6
2009-09,groove/1.1.2,6
2009-09,groove/1.2.0,4
2009-09,groove/1.4.0,4
2009-09,groove/1.4.1,3
2009-09,groove/1.4.2,20
2009-09,groove/1.6.0,4
2009-09,groove/1.8.0,4
2009-09,groove/2.0.0,4
2009-09,groove/2.0.2,4
2009-09,groove/2.0.3,4
2009-09,groove/3.0.0,5
2009-09,groove/3.0.1,4
2009-09,groove/3.1.1,4
2009-09,groove/3.2.0,5
2009-09,groove/3.2.1,4
2009-09,groove/3.2.2,72
2009-10,groove-docs,33
2009-10,groove-samples,54
2009-10,groove/0.2.4,14
2009-10,groove/1.0.0,15
2009-10,groove/1.1.0,14
2009-10,groove/1.1.1,17
2009-10,groove/1.1.2,14
2009-10,groove/1.2.0,12
2009-10,groove/1.4.0,12
2009-10,groove/1.4.1,12
2009-10,groove/1.4.2,29
2009-10,groove/1.6.0,11
2009-10,groove/1.8.0,13
2009-10,groove/2.0.0,6
2009-10,groove/2.0.2,12
2009-10,groove/2.0.3,13
2009-10,groove/3.0.0,6
2009-10,groove/3.0.1,11
2009-10,groove/3.1.1,12
2009-10,groove/3.2.0,11
2009-10,groove/3.2.1,9
2009-10,groove/3.2.2,36
2009-11,groove-docs,39
2009-11,groove-samples,56
2009-11,groove/0.2.4,19
2009-11,groove/1.0.0,20
2009-11,groove/1.1.0,20
2009-11,groove/1.1.1,21
2009-11,groove/1.1.2,19
2009-11,groove/1.2.0,13
2009-11,groove/1.4.0,15
2009-11,groove/1.4.1,15
2009-11,groove/1.4.2,32
2009-11,groove/1.6.0,13
2009-11,groove/1.8.0,15
2009-11,groove/2.0.0,15
2009-11,groove/2.0.2,15
2009-11,groove/2.0.3,15
2009-11,groove/3.0.0,15
2009-11,groove/3.0.1,12
2009-11,groove/3.1.1,13
2009-11,groove/3.2.0,15
2009-11,groove/3.2.1,17
2009-11,groove/3.2.2,37
2009-12,groove-docs,32
2009-12,groove-samples,55
2009-12,groove/0.2.4,12
2009-12,groove/1.0.0,13
2009-12,groove/1.1.0,11
2009-12,groove/1.1.1,12
2009-12,groove/1.1.2,12
2009-12,groove/1.2.0,9
2009-12,groove/1.4.0,8
2009-12,groove/1.4.1,8
2009-12,groove/1.4.2,21
2009-12,groove/1.6.0,10
2009-12,groove/1.8.0,9
2009-12,groove/2.0.0,12
2009-12,groove/2.0.2,9
2009-12,groove/2.0.3,10
2009-12,groove/3.0.0,10
2009-12,groove/3.0.1,9
2009-12,groove/3.1.1,12
2009-12,groove/3.2.0,9
2009-12,groove/3.2.1,10
2009-12,groove/3.2.2,49
2009-12,groove/3.3.0,8
2010-01,groove-docs,20
2010-01,groove-samples,39
2010-01,groove/0.2.4,8
2010-01,groove/1.0.0,7
2010-01,groove/1.1.0,9
2010-01,groove/1.1.1,8
2010-01,groove/1.1.2,6
2010-01,groove/1.2.0,6
2010-01,groove/1.4.0,5
2010-01,groove/1.4.1,6
2010-01,groove/1.4.2,19
2010-01,groove/1.6.0,3
2010-01,groove/1.8.0,3
2010-01,groove/2.0.0,6
2010-01,groove/2.0.2,4
2010-01,groove/2.0.3,6
2010-01,groove/3.0.0,5
2010-01,groove/3.0.1,5
2010-01,groove/3.1.1,7
2010-01,groove/3.2.0,5
2010-01,groove/3.2.1,6
2010-01,groove/3.2.2,10
2010-01,groove/3.3.0,14
2010-01,groove/3.3.1,49
2010-02,groove-samples,5
2010-02,groove/1.0.0,2
2010-02,groove/1.4.0,1
2010-02,groove/1.4.2,3
2010-02,groove/2.0.3,1
2010-02,groove/3.0.1,1
2010-02,groove/3.2.1,2
2010-02,groove/3.2.2,4
2010-02,groove/3.3.0,5
2010-02,groove/3.3.1,27
2010-03,groove-docs,3
2010-03,groove-samples,5
2010-03,groove/1.4.2,4
2010-03,groove/3.3.1,24
2010-04,groove-docs,1
2010-04,groove-samples,5
2010-04,groove/1.0.0,1
2010-04,groove/1.1.0,4
2010-04,groove/1.1.1,4
2010-04,groove/1.1.2,4
2010-04,groove/1.2.0,3
2010-04,groove/1.4.0,3
2010-04,groove/1.4.1,3
2010-04,groove/1.4.2,5
2010-04,groove/1.6.0,5
2010-04,groove/1.8.0,6
2010-04,groove/2.0.0,2
2010-04,groove/2.0.3,1
2010-04,groove/3.0.0,2
2010-04,groove/3.0.1,2
2010-04,groove/3.1.1,1
2010-04,groove/3.2.0,2
2010-04,groove/3.2.1,3
2010-04,groove/3.2.2,3
2010-04,groove/3.3.0,1
2010-04,groove/3.3.1,44
2010-05,groove-docs,12
2010-05,groove-samples,8
2010-05,groove/1.0.0,6
2010-05,groove/1.4.2,7
2010-05,groove/1.6.0,5
2010-05,groove/1.8.0,1
2010-05,groove/2.0.2,4
2010-05,groove/2.0.3,1
2010-05,groove/3.0.0,1
2010-05,groove/3.1.1,6
2010-05,groove/3.2.0,10
2010-05,groove/3.2.1,1
2010-05,groove/3.2.2,11
2010-05,groove/3.3.0,15
2010-05,groove/3.3.1,57
2010-06,groove-docs,18
2010-06,groove-samples,45
2010-06,groove/0.2.4,9
2010-06,groove/1.0.0,11
2010-06,groove/1.1.0,15
2010-06,groove/1.1.1,11
2010-06,groove/1.1.2,15
2010-06,groove/1.2.0,9
2010-06,groove/1.4.0,8
2010-06,groove/1.4.1,10
2010-06,groove/1.4.2,12
2010-06,groove/1.6.0,7
2010-06,groove/1.8.0,6
2010-06,groove/2.0.0,16
2010-06,groove/2.0.2,9
2010-06,groove/2.0.3,6
2010-06,groove/3.0.0,6
2010-06,groove/3.0.1,5
2010-06,groove/3.1.1,6
2010-06,groove/3.2.0,11
2010-06,groove/3.2.1,8
2010-06,groove/3.3.1,2
2010-06,groove/4.0.0,29
2010-06,groove/4.0.1,52
2010-07,groove-samples,4
2010-07,groove/1.4.0,1
2010-07,groove/1.4.2,13
2010-07,groove/4.0.0,1
2010-07,groove/4.0.1,33
2010-08,groove-docs,14
2010-08,groove-samples,3
2010-08,groove/0.2.4,2
2010-08,groove/1.4.2,14
2010-08,groove/4.0.1,20
2010-08,groove/4.0.2,16
2010-09,groove-docs,9
2010-09,groove-samples,9
2010-09,groove/0.2.4,2
2010-09,groove/1.1.0,7
2010-09,groove/1.4.1,1
2010-09,groove/1.4.2,17
2010-09,groove/3.2.0,1
2010-09,groove/4.0.1,2
2010-09,groove/4.0.2,71
2010-10,groove-docs,10
2010-10,groove-samples,3
2010-10,groove/1.4.2,17
2010-10,groove/4.0.1,1
2010-10,groove/4.0.2,50
2010-11,groove-docs,14
2010-11,groove-samples,10
2010-11,groove/1.1.2,2
2010-11,groove/1.4.1,1
2010-11,groove/1.4.2,16
2010-11,groove/1.6.0,3
2010-11,groove/4.0.2,107
2010-12,groove-docs,16
2010-12,groove-samples,30
2010-12,groove/1.4.1,5
2010-12,groove/1.4.2,8
2010-12,groove/4.0.2,115
2010-12,groove/4.1.0,84
2011-01,groove-docs,31
2011-01,groove-samples,24
2011-01,groove/0.2.4,4
2011-01,groove/1.0.0,4
2011-01,groove/1.1.0,4
2011-01,groove/1.1.1,4
2011-01,groove/1.1.2,4
2011-01,groove/1.2.0,3
2011-01,groove/1.4.0,3
2011-01,groove/1.4.1,3
2011-01,groove/1.4.2,15
2011-01,groove/1.6.0,3
2011-01,groove/1.8.0,3
2011-01,groove/2.0.0,3
2011-01,groove/2.0.2,3
2011-01,groove/2.0.3,3
2011-01,groove/3.0.0,3
2011-01,groove/3.0.1,3
2011-01,groove/3.1.1,3
2011-01,groove/3.2.0,3
2011-01,groove/3.2.1,3
2011-01,groove/3.2.2,3
2011-01,groove/3.3.0,2
2011-01,groove/3.3.1,3
2011-01,groove/4.0.0,2
2011-01,groove/4.0.1,3
2011-01,groove/4.0.2,7
2011-01,groove/4.1.0,56
2011-01,groove/4.2.0,35
2011-02,groove-docs,1
2011-02,groove-samples,4
2011-02,groove/1.4.2,13
2011-02,groove/4.2.0,58
2011-02,groove/4.3.0,3
2011-03,groove-docs,1
2011-03,groove-samples,5
2011-03,groove/1.4.2,19
2011-03,groove/4.2.0,1
2011-03,groove/4.3.0,35
2011-03,groove/4.3.1,52
2011-04,groove-docs,6
2011-04,groove-samples,8
2011-04,groove/1.4.2,11
2011-04,groove/3.3.1,1
2011-04,groove/4.0.0,2
2011-04,groove/4.0.1,2
2011-04,groove/4.0.2,3
2011-04,groove/4.1.0,1
2011-04,groove/4.3.0,2
2011-04,groove/4.3.1,116
2011-05,groove-docs,3
2011-05,groove-samples,23
2011-05,groove/0.2.4,3
2011-05,groove/1.0.0,2
2011-05,groove/1.1.0,4
2011-05,groove/1.1.1,1
2011-05,groove/1.1.2,3
2011-05,groove/1.2.0,2
2011-05,groove/1.4.0,2
2011-05,groove/1.4.1,1
2011-05,groove/1.4.2,15
2011-05,groove/1.6.0,1
2011-05,groove/1.8.0,3
2011-05,groove/2.0.0,2
2011-05,groove/2.0.2,2
2011-05,groove/2.0.3,2
2011-05,groove/3.0.0,1
2011-05,groove/3.0.1,3
2011-05,groove/3.1.1,3
2011-05,groove/3.2.0,1
2011-05,groove/3.2.1,3
2011-05,groove/3.2.2,2
2011-05,groove/3.3.0,3
2011-05,groove/3.3.1,3
2011-05,groove/4.0.0,3
2011-05,groove/4.0.1,1
2011-05,groove/4.0.2,6
2011-05,groove/4.1.0,3
2011-05,groove/4.2.0,3
2011-05,groove/4.3.0,2
2011-05,groove/4.3.1,73
2011-06,groove-docs,9
2011-06,groove-samples,5
2011-06,groove/1.0.0,1
2011-06,groove/1.4.2,11
2011-06,groove/1.8.0,3
2011-06,groove/3.3.1,1
2011-06,groove/4.0.2,7
2011-06,groove/4.2.0,1
2011-06,groove/4.3.1,34
2011-06,groove/4.4.0,9
2011-06,groove/4.4.1,33
2011-06,groove/4.4.2,20
2011-07,groove-docs,2
2011-07,groove-samples,7
2011-07,groove/1.4.2,6
2011-07,groove/4.4.0,3
2011-07,groove/4.4.1,3
2011-07,groove/4.4.2,45
2011-08,groove-docs,12
2011-08,groove-samples,3
2011-08,groove/1.4.2,26
2011-08,groove/4.4.0,5
2011-08,groove/4.4.2,70
2011-09,groove-docs,8
2011-09,groove-samples,9
2011-09,groove/1.4.2,7
2011-09,groove/3.3.1,2
2011-09,groove/4.0.2,2
2011-09,groove/4.1.0,1
2011-09,groove/4.4.1,3
2011-09,groove/4.4.2,77
2011-10,groove-docs,1
2011-10,groove-samples,10
2011-10,groove/1.4.2,8
2011-10,groove/4.4.0,3
2011-10,groove/4.4.1,1
2011-10,groove/4.4.2,17
2011-10,groove/4.4.3,9
2011-10,groove/4.4.4,16
2011-10,groove/4.4.5,49
2011-11,groove-docs,6
2011-11,groove-samples,9
2011-11,groove/1.4.2,6
2011-11,groove/4.0.2,40
2011-11,groove/4.4.1,2
2011-11,groove/4.4.3,3
2011-11,groove/4.4.5,90
2011-12,groove-samples,3
2011-12,groove/1.4.2,7
2011-12,groove/3.3.1,2
2011-12,groove/4.0.0,1
2011-12,groove/4.0.2,37
2011-12,groove/4.4.5,51
2012-01,groove-docs,14
2012-01,groove-samples,6
2012-01,groove/1.4.2,5
2012-01,groove/3.3.1,2
2012-01,groove/4.0.2,2
2012-01,groove/4.4.3,2
2012-01,groove/4.4.4,3
2012-01,groove/4.4.5,74
2012-02,groove-docs,8
2012-02,groove-samples,4
2012-02,groove/1.1.0,1
2012-02,groove/4.0.2,9
2012-02,groove/4.3.1,1
2012-02,groove/4.4.2,1
2012-02,groove/4.4.3,1
2012-02,groove/4.4.4,10
2012-02,groove/4.4.5,64
2012-03,groove-docs,21
2012-03,groove-samples,18
2012-03,groove/4.0.2,7
2012-03,groove/4.4.5,110
2012-04,groove-docs,11
2012-04,groove-samples,8
2012-04,groove/4.4.4,1
2012-04,groove/4.4.5,81
2012-05,groove-docs,1
2012-05,groove-samples,6
2012-05,groove/4.2.0,1
2012-05,groove/4.4.3,1
2012-05,groove/4.4.5,24
2012-05,groove/4.5.0,30
2012-05,groove/4.5.1,8
2012-06,groove-docs,22
2012-06,groove-samples,7
2012-06,groove/3.0.0,1
2012-06,groove/3.3.1,2
2012-06,groove/4.1.0,1
2012-06,groove/4.2.0,1
2012-06,groove/4.4.0,1
2012-06,groove/4.4.1,1
2012-06,groove/4.4.5,1
2012-06,groove/4.5.0,2
2012-06,groove/4.5.1,8
2012-06,groove/4.5.2,97
2012-07,groove-docs,19
2012-07,groove-samples,9
2012-07,groove/1.4.2,1
2012-07,groove/4.0.0,1
2012-07,groove/4.0.2,1
2012-07,groove/4.3.1,5
2012-07,groove/4.4.0,2
2012-07,groove/4.4.1,1
2012-07,groove/4.4.2,2
2012-07,groove/4.4.3,1
2012-07,groove/4.4.5,3
2012-07,groove/4.5.0,1
2012-07,groove/4.5.1,3
2012-07,groove/4.5.2,113
2012-08,groove-samples,1
2012-08,groove/4.5.1,2
2012-08,groove/4.5.2,73
2012-09,groove-samples,4
2012-09,groove/4.5.2,149
2012-10,groove-docs,20
2012-10,groove-samples,38
2012-10,groove/1.0.0,2
2012-10,groove/4.5.2,41
2012-10,groove/4.6.0,60
2012-11,groove-docs,21
2012-11,groove-samples,12
2012-11,groove/4.3.1,5
2012-11,groove/4.4.0,1
2012-11,groove/4.5.2,3
2012-11,groove/4.6.0,44
2012-11,groove/4.7.1,31
2012-12,groove-docs,9
2012-12,groove-samples,22
2012-12,groove/4.0.2,66
2012-12,groove/4.5.2,2
2012-12,groove/4.6.0,7
2012-12,groove/4.7.1,123
2013-01,groove-docs,2
2013-01,groove-samples,15
2013-01,groove/4.5.2,2
2013-01,groove/4.6.0,6
2013-01,groove/4.7.1,141
2013-02,groove-docs,16
2013-02,groove-samples,17
2013-02,groove/3.0.0,2
2013-02,groove/3.0.1,2
2013-02,groove/3.2.0,2
2013-02,groove/3.3.0,1
2013-02,groove/3.3.1,5
2013-02,groove/4.0.0,3
2013-02,groove/4.0.2,2
2013-02,groove/4.3.0,1
2013-02,groove/4.3.1,2
2013-02,groove/4.4.0,1
2013-02,groove/4.5.0,2
2013-02,groove/4.5.2,9
2013-02,groove/4.6.0,10
2013-02,groove/4.7.1,170
2013-03,groove-docs,15
2013-03,groove-samples,29
2013-03,groove/4.4.5,1
2013-03,groove/4.6.0,1
2013-03,groove/4.7.1,39
2013-03,groove/4.8.1,5
2013-03,groove/4.8.2,9
2013-03,groove/4.8.3,18
2013-03,groove/4.8.4,12
2013-03,groove/4.8.5,16
2013-04,groove-docs,25
2013-04,groove-samples,21
2013-04,groove/4.4.0,1
2013-04,groove/4.4.2,1
2013-04,groove/4.4.5,2
2013-04,groove/4.5.0,1
2013-04,groove/4.5.2,4
2013-04,groove/4.6.0,2
2013-04,groove/4.7.1,4
2013-04,groove/4.8.1,2
2013-04,groove/4.8.3,1
2013-04,groove/4.8.4,2
2013-04,groove/4.8.5,42
2013-04,groove/4.8.6,59
2013-04,groove/4.8.7,5
2013-05,groove-docs,7
2013-05,groove-samples,6
2013-05,groove/4.0.1,1
2013-05,groove/4.4.5,1
2013-05,groove/4.5.0,4
2013-05,groove/4.7.1,3
2013-05,groove/4.8.6,1
2013-05,groove/4.8.7,62
2013-06,groove-docs,2
2013-06,groove-samples,12
2013-06,groove/4.0.2,1
2013-06,groove/4.5.0,1
2013-06,groove/4.7.1,10
2013-06,groove/4.8.7,109
2013-07,groove-docs,3
2013-07,groove-samples,20
2013-07,groove/1.1.2,2
2013-07,groove/4.7.1,32
2013-07,groove/4.8.5,1
2013-07,groove/4.8.7,65
2013-08,groove-docs,1
2013-08,groove-samples,1
2013-08,groove/4.4.5,1
2013-08,groove/4.7.1,1
2013-08,groove/4.8.7,95
2013-09,groove-docs,6
2013-09,groove-samples,1
2013-09,groove/4.5.0,1
2013-09,groove/4.7.1,1
2013-09,groove/4.8.5,1
2013-09,groove/4.8.6,1
2013-09,groove/4.8.7,156
2013-10,groove-docs,5
2013-10,groove-samples,13
2013-10,groove/3.1.1,1
2013-10,groove/4.4.3,1
2013-10,groove/4.4.5,4
2013-10,groove/4.7.1,4
2013-10,groove/4.8.2,1
2013-10,groove/4.8.6,1
2013-10,groove/4.8.7,105
2013-11,groove-docs,21
2013-11,groove-samples,12
2013-11,groove/4.7.1,2
2013-11,groove/4.8.7,91
2013-12,groove-samples,8
2013-12,groove/3.2.2,1
2013-12,groove/4.0.2,2
2013-12,groove/4.7.1,1
2013-12,groove/4.8.6,3
2013-12,groove/4.8.7,19
2013-12,groove/4.9.0,3
2013-12,groove/4.9.2,4
2014-01,groove-docs,8
2014-01,groove-samples,13
2014-01,groove/1.0.0,4
2014-01,groove/4.0.2,7
2014-01,groove/4.7.1,3
2014-01,groove/4.8.7,1
2014-01,groove/4.9.0,2
2014-01,groove/4.9.1,2
2014-01,groove/4.9.2,10
2014-02,OldFiles,1
2014-02,groove-docs,1
2014-02,groove-samples,6
2014-02,groove/4.0.2,6
2014-02,groove/4.3.0,1
2014-02,groove/4.9.2,7
2014-02,groove/4.9.3,22
2014-03,groove-docs,4
2014-03,groove-samples,14
2014-03,groove/4.4.2,2
2014-03,groove/4.7.1,2
2014-03,groove/4.8.7,1
2014-03,groove/4.9.3,121
2014-04,groove-docs,4
2014-04,groove-samples,6
2014-04,groove/4.7.1,1
2014-04,groove/4.8.7,3
2014-04,groove/4.9.3,72
2014-05,groove-docs,13
2014-05,groove-samples,46
2014-05,groove/4.10.0,36
2014-05,groove/4.4.5,2
2014-05,groove/4.9.3,97
2014-05,groove/4.9.4,20
2014-06,groove-samples,20
2014-06,groove/4.0.2,3
2014-06,groove/4.10.0,26
2014-06,groove/4.9.3,1
2014-06,groove/4.9.4,3
2014-06,groove/5.0.1,23
2014-07,README.md,2
2014-07,groove-docs,6
2014-07,groove-samples,27
2014-07,groove/4.0.2,1
2014-07,groove/4.10.0,4
2014-07,groove/4.9.3,1
2014-07,groove/5.0.1,20
2014-07,groove/5.1.2,5
2014-07,groove/5.2.0,27
2014-07,groove/README.md,6
2014-08,README.md,1
2014-08,groove-docs,2
2014-08,groove-samples,35
2014-08,groove/4.0.2,1
2014-08,groove/5.0.1,1
2014-08,groove/5.1.2,6
2014-08,groove/5.2.0,27
2014-08,groove/5.2.1,20
2014-08,groove/5.2.2,17
2014-08,groove/5.2.3,36
2014-08,groove/5.2.4,16
2014-08,groove/5.3.0,5
2014-09,groove-samples,3
2014-09,groove/5.2.0,3
2014-09,groove/5.3.0,20
2014-09,groove/5.3.1,8
2014-10,README.md,1
2014-10,groove-docs,2
2014-10,groove-samples,85
2014-10,groove/4.8.7,1
2014-10,groove/5.3.0,5
2014-10,groove/5.3.1,43
2014-10,groove/5.3.3,27
2014-10,groove/5.3.5,17
2014-11,README.md,2
2014-11,groove-docs,1
2014-11,groove-samples,14
2014-11,groove/4.0.2,13
2014-11,groove/5.2.0,1
2014-11,groove/5.3.1,1
2014-11,groove/5.3.5,7
2014-11,groove/5.3.6,55
2014-12,README.md,1
2014-12,groove-docs,7
2014-12,groove-samples,40
2014-12,groove/4.0.2,4
2014-12,groove/5.3.3,8
2014-12,groove/5.3.5,12
2014-12,groove/5.3.6,24
2014-12,groove/5.4.0,57
2015-01,groove-samples,3
2015-01,groove/4.0.2,10
2015-01,groove/4.9.3,2
2015-01,groove/5.2.0,3
2015-01,groove/5.4.0,31
2015-02,groove-docs,13
2015-02,groove-samples,14
2015-02,groove/4.0.2,4
2015-02,groove/5.4.0,16
2015-02,groove/5.5.0,55
2015-03,groove-docs,2
2015-03,groove-samples,70
2015-03,groove/4.4.5,1
2015-03,groove/5.4.0,24
2015-03,groove/5.5.0,53
2015-03,groove/5.5.1,45
2015-03,groove/5.5.2,38
2015-04,README.md,4
2015-04,groove-docs,28
2015-04,groove-samples,13
2015-04,groove/4.0.2,3
2015-04,groove/4.7.1,1
2015-04,groove/5.4.0,1
2015-04,groove/5.5.0,7
2015-04,groove/5.5.2,71
2015-05,groove-docs,38
2015-05,groove-samples,5
2015-05,groove/4.7.1,1
2015-05,groove/5.5.2,38
2015-06,README.md,2
2015-06,groove-docs,1
2015-06,groove-samples,12
2015-06,groove/1.6.0,2
2015-06,groove/3.0.1,1
2015-06,groove/4.7.1,1
2015-06,groove/4.8.5,3
2015-06,groove/4.8.7,5
2015-06,groove/5.5.1,2
2015-06,groove/5.5.2,44
2015-06,groove/5.5.3,21
2015-07,groove-docs,24
2015-07,groove-samples,5
2015-07,groove/3.3.0,1
2015-07,groove/4.0.2,5
2015-07,groove/5.5.3,60
2015-08,groove-docs,1
2015-08,groove-samples,45
2015-08,groove/3.2.0,1
2015-08,groove/3.2.2,1
2015-08,groove/4.3.1,6
2015-08,groove/4.6.0,1
2015-08,groove/5.5.1,9
2015-08,groove/5.5.2,9
2015-08,groove/5.5.3,82
2015-08,groove/5.5.4,24
2015-09,groove-docs,1
2015-09,groove-samples,8
2015-09,groove/5.5.4,27
2015-10,README.md,2
2015-10,groove-docs,2
2015-10,groove-samples,5
2015-10,groove/1.1.2,4
2015-10,groove/1.2.0,3
2015-10,groove/1.4.0,3
2015-10,groove/1.4.1,3
2015-10,groove/1.4.2,3
2015-10,groove/1.6.0,3
2015-10,groove/1.8.0,3
2015-10,groove/2.0.0,3
2015-10,groove/2.0.2,3
2015-10,groove/2.0.3,3
2015-10,groove/3.0.0,3
2015-10,groove/3.0.1,3
2015-10,groove/3.1.1,3
2015-10,groove/3.2.0,3
2015-10,groove/3.2.1,3
2015-10,groove/3.2.2,3
2015-10,groove/3.3.0,3
2015-10,groove/3.3.1,3
2015-10,groove/4.0.0,3
2015-10,groove/4.0.1,3
2015-10,groove/4.0.2,3
2015-10,groove/4.1.0,3
2015-10,groove/4.10.0,2
2015-10,groove/4.3.0,3
2015-10,groove/4.3.1,3
2015-10,groove/4.4.0,3
2015-10,groove/4.4.1,3
2015-10,groove/4.4.2,3
2015-10,groove/4.4.3,3
2015-10,groove/4.4.4,3
2015-10,groove/4.4.5,3
2015-10,groove/4.5.0,3
2015-10,groove/4.6.0,3
2015-10,groove/4.7.1,3
2015-10,groove/4.8.1,3
2015-10,groove/4.8.2,3
2015-10,groove/4.8.3,3
2015-10,groove/4.8.4,3
2015-10,groove/4.8.5,3
2015-10,groove/4.8.6,3
2015-10,groove/4.8.7,3
2015-10,groove/4.9.0,2
2015-10,groove/4.9.1,2
2015-10,groove/4.9.2,2
2015-10,groove/5.0.1,3
2015-10,groove/5.1.2,3
2015-10,groove/5.2.0,3
2015-10,groove/5.2.1,3
2015-10,groove/5.2.2,3
2015-10,groove/5.2.3,3
2015-10,groove/5.2.4,3
2015-10,groove/5.3.0,3
2015-10,groove/5.3.1,3
2015-10,groove/5.3.3,3
2015-10,groove/5.3.5,3
2015-10,groove/5.3.6,3
2015-10,groove/5.4.0,3
2015-10,groove/5.5.0,4
2015-10,groove/5.5.1,3
2015-10,groove/5.5.2,3
2015-10,groove/5.5.3,4
2015-10,groove/5.5.4,41
2015-10,groove/README.md,1
2015-11,groove-docs,16
2015-11,groove-samples,19
2015-11,groove/1.0.0,2
2015-11,groove/1.1.1,2
2015-11,groove/1.2.0,1
2015-11,groove/1.4.1,1
2015-11,groove/1.6.0,1
2015-11,groove/1.8.0,2
2015-11,groove/2.0.2,2
2015-11,groove/2.0.3,1
2015-11,groove/3.0.1,1
2015-11,groove/3.1.1,1
2015-11,groove/3.2.0,2
2015-11,groove/3.2.1,1
2015-11,groove/3.2.2,1
2015-11,groove/3.3.0,2
2015-11,groove/4.0.1,1
2015-11,groove/4.0.2,3
2015-11,groove/4.3.0,2
2015-11,groove/4.4.3,2
2015-11,groove/4.4.5,1
2015-11,groove/4.5.1,1
2015-11,groove/4.7.1,2
2015-11,groove/4.8.3,3
2015-11,groove/4.9.2,1
2015-11,groove/5.0.1,2
2015-11,groove/5.2.2,3
2015-11,groove/5.5.3,1
2015-11,groove/5.5.4,10
2015-11,groove/5.5.5,7
2015-11,groove/README.md,2
2015-12,groove-samples,4
2015-12,groove/5.5.5,14
2016-01,groove-docs,15
2016-01,groove-samples,10
2016-01,groove/3.0.0,1
2016-01,groove/4.8.7,2
2016-01,groove/4.9.3,1
2016-01,groove/5.5.5,4
2016-02,README.md,3
2016-02,groove-docs,1
2016-02,groove-samples,4
2016-02,groove/1.1.2,2
2016-02,groove/1.4.1,3
2016-02,groove/1.4.2,3
2016-02,groove/2.0.3,3
2016-02,groove/3.0.0,3
2016-02,groove/3.1.1,3
2016-02,groove/3.2.0,3
2016-02,groove/3.2.2,3
2016-02,groove/3.3.0,3
2016-02,groove/4.0.2,2
2016-02,groove/4.1.0,1
2016-02,groove/4.2.0,3
2016-02,groove/4.3.0,3
2016-02,groove/4.5.0,1
2016-02,groove/4.7.1,3
2016-02,groove/4.8.7,3
2016-02,groove/4.9.0,2
2016-02,groove/4.9.2,2
2016-02,groove/4.9.3,3
2016-02,groove/5.5.5,9
2016-03,groove-docs,7
2016-03,groove-samples,12
2016-03,groove/4.7.1,2
2016-03,groove/5.4.0,1
2016-03,groove/5.5.2,6
2016-03,groove/5.5.3,5
2016-03,groove/5.5.4,4
2016-03,groove/5.5.5,8
2016-04,README.md,1
2016-04,groove-docs,4
2016-04,groove-samples,3
2016-04,groove/4.5.0,2
2016-04,groove/5.5.5,1
2016-05,README.md,1
2016-05,groove-docs,2
2016-05,groove-samples,6
2016-05,groove/4.0.2,1
2016-05,groove/4.5.0,1
2016-05,groove/5.5.5,7
2016-06,README.md,1
2016-06,groove-docs,8
2016-06,groove-samples,13
2016-06,groove/5.5.5,9
2016-07,groove-docs,8
2016-07,groove-samples,10
2016-07,groove/1.6.0,1
2016-07,groove/3.2.1,1
2016-07,groove/4.0.2,2
2016-07,groove/4.5.0,3
2016-07,groove/5.3.6,1
2016-07,groove/5.5.3,3
2016-07,groove/5.5.4,3
2016-07,groove/5.5.5,8
2016-07,groove/5.5.6,17
2016-08,groove-docs,5
2016-08,groove-samples,3
2016-08,groove/4.7.1,5
2016-08,groove/4.8.1,1
2016-08,groove/5.5.4,2
2016-08,groove/5.5.5,1
2016-08,groove/5.5.6,25
2016-09,README.md,1
2016-09,groove-docs,1
2016-09,groove-samples,18
2016-09,groove/4.0.2,1
2016-09,groove/4.7.1,1
2016-09,groove/4.8.1,1
2016-09,groove/4.8.7,12
2016-09,groove/4.9.3,1
2016-09,groove/5.5.4,1
2016-09,groove/5.5.6,88
2016-10,groove-docs,1
2016-10,groove-samples,98
2016-10,groove/3.0.1,3
2016-10,groove/4.3.1,1
2016-10,groove/4.7.1,2
2016-10,groove/5.0.1,3
2016-10,groove/5.5.4,3
2016-10,groove/5.5.5,2
2016-10,groove/5.5.6,28
2016-10,groove/5.5.7,6
2016-11,groove-docs,4
2016-11,groove-samples,27
2016-11,groove/4.2.0,1
2016-11,groove/5.5.4,1
2016-11,groove/5.5.6,16
2016-11,groove/5.5.7,128
2016-12,README.md,1
2016-12,groove-samples,9
2016-12,groove/4.7.1,2
2016-12,groove/5.5.7,68
2017-01,groove-docs,6
2017-01,groove-samples,3
2017-01,groove/0.2.4,3
2017-01,groove/1.0.0,3
2017-01,groove/1.1.0,3
2017-01,groove/1.1.1,4
2017-01,groove/1.1.2,2
2017-01,groove/1.2.0,2
2017-01,groove/4.7.1,1
2017-01,groove/5.5.5,1
2017-01,groove/5.5.6,1
2017-01,groove/5.5.7,19
2017-02,groove-docs,1
2017-02,groove-samples,5
2017-02,groove/1.4.2,1
2017-02,groove/4.8.7,5
2017-02,groove/5.5.7,25
2017-02,groove/5.5.8,49
2017-03,groove-docs,1
2017-03,groove-samples,1
2017-03,groove/1.0.0,2
2017-03,groove/4.7.1,2
2017-03,groove/5.5.8,30
2017-04,groove-docs,3
2017-04,groove-samples,6
2017-04,groove/4.0.2,4
2017-04,groove/4.7.1,1
2017-04,groove/5.5.8,29
2017-04,groove/5.6.0,1
2017-05,groove-docs,2
2017-05,groove-samples,24
2017-05,groove/3.3.1,1
2017-05,groove/4.7.1,1
2017-05,groove/5.5.8,15
2017-05,groove/5.6.0,11
2017-05,groove/5.7.0,278
2017-06,groove-docs,4
2017-06,groove-samples,10
2017-06,groove/5.7.0,87
2017-06,groove/5.7.1,6
2017-07,groove-docs,2
2017-07,groove-samples,14
2017-07,groove/4.0.1,2
2017-07,groove/4.0.2,1
2017-07,groove/5.5.6,1
2017-07,groove/5.6.0,6
2017-07,groove/5.7.0,18
2017-07,groove/5.7.1,23
2017-08,README.md,1
2017-08,groove-docs,1
2017-08,groove-samples,2
2017-08,groove/0.2.4,4
2017-08,groove/1.0.0,4
2017-08,groove/1.1.0,4
2017-08,groove/1.1.1,4
2017-08,groove/1.1.2,4
2017-08,groove/1.2.0,3
2017-08,groove/1.4.0,3
2017-08,groove/1.4.1,3
2017-08,groove/1.4.2,3
2017-08,groove/1.6.0,3
2017-08,groove/1.8.0,3
2017-08,groove/2.0.0,3
2017-08,groove/2.0.2,3
2017-08,groove/2.0.3,3
2017-08,groove/3.0.0,3
2017-08,groove/3.0.1,3
2017-08,groove/3.1.1,3
2017-08,groove/3.2.0,3
2017-08,groove/3.2.1,3
2017-08,groove/3.2.2,3
2017-08,groove/3.3.0,3
2017-08,groove/3.3.1,3
2017-08,groove/4.0.0,3
2017-08,groove/4.0.1,3
2017-08,groove/4.0.2,3
2017-08,groove/4.1.0,3
2017-08,groove/4.10.0,3
2017-08,groove/4.2.0,3
2017-08,groove/4.3.0,3
2017-08,groove/4.3.1,3
2017-08,groove/4.4.0,3
2017-08,groove/4.4.1,3
2017-08,groove/4.4.2,3
2017-08,groove/4.4.3,3
2017-08,groove/4.4.4,3
2017-08,groove/4.4.5,3
2017-08,groove/4.5.0,3
2017-08,groove/4.5.1,3
2017-08,groove/4.5.2,3
2017-08,groove/4.6.0,3
2017-08,groove/4.7.1,2
2017-08,groove/4.8.1,3
2017-08,groove/4.8.2,3
2017-08,groove/4.8.3,3
2017-08,groove/4.8.4,3
2017-08,groove/4.8.5,3
2017-08,groove/4.8.6,3
2017-08,groove/4.8.7,3
2017-08,groove/4.9.0,2
2017-08,groove/4.9.1,2
2017-08,groove/4.9.2,2
2017-08,groove/4.9.3,3
2017-08,groove/4.9.4,3
2017-08,groove/5.0.1,3
2017-08,groove/5.1.2,3
2017-08,groove/5.2.0,3
2017-08,groove/5.2.1,3
2017-08,groove/5.2.2,3
2017-08,groove/5.2.3,3
2017-08,groove/5.2.4,3
2017-08,groove/5.3.0,3
2017-08,groove/5.3.1,12
2017-08,groove/5.3.3,18
2017-08,groove/5.3.5,18
2017-08,groove/5.3.6,13
2017-08,groove/5.4.0,3
2017-08,groove/5.5.0,3
2017-08,groove/5.5.1,3
2017-08,groove/5.5.2,3
2017-08,groove/5.5.3,3
2017-08,groove/5.5.4,3
2017-08,groove/5.5.5,2
2017-08,groove/5.5.6,3
2017-08,groove/5.5.7,6
2017-08,groove/5.5.8,3
2017-08,groove/5.6.0,2
2017-08,groove/5.7.0,2
2017-08,groove/5.7.1,25
2017-08,groove/5.7.2,2
2017-08,groove/README.md,1
2017-09,groove-samples,5
2017-09,groove/5.7.1,1
2017-09,groove/5.7.2,22
2017-10,README.md,1
2017-10,groove-docs,4
2017-10,groove-samples,12
2017-10,groove/4.8.7,1
2017-10,groove/5.6.0,1
2017-10,groove/5.7.0,6
2017-10,groove/5.7.2,59
2017-10,groove/README.md,1
2017-11,groove-samples,1
2017-11,groove/5.7.2,46
2017-12,groove-docs,1
2017-12,groove-samples,3
2017-12,groove/5.7.2,28
2018-01,groove-docs,3
2018-01,groove-samples,8
2018-01,groove/4.7.1,1
2018-01,groove/5.5.2,3
2018-01,groove/5.7.2,37
2018-02,README.md,1
2018-02,groove-docs,6
2018-02,groove-samples,5
2018-02,groove/5.7.2,35
2018-03,README.md,1
2018-03,groove-docs,7
2018-03,groove-samples,114
2018-03,groove/0.2.4,4
2018-03,groove/1.0.0,4
2018-03,groove/1.1.0,4
2018-03,groove/1.1.1,4
2018-03,groove/1.1.2,4
2018-03,groove/1.2.0,3
2018-03,groove/1.4.0,3
2018-03,groove/1.4.1,3
2018-03,groove/1.4.2,3
2018-03,groove/1.6.0,3
2018-03,groove/1.8.0,3
2018-03,groove/2.0.0,3
2018-03,groove/2.0.2,3
2018-03,groove/2.0.3,3
2018-03,groove/3.0.0,3
2018-03,groove/3.0.1,3
2018-03,groove/3.1.1,3
2018-03,groove/3.2.0,3
2018-03,groove/3.2.1,3
2018-03,groove/3.2.2,3
2018-03,groove/3.3.0,3
2018-03,groove/3.3.1,3
2018-03,groove/4.0.0,3
2018-03,groove/4.0.1,4
2018-03,groove/4.0.2,3
2018-03,groove/4.1.0,3
2018-03,groove/4.10.0,3
2018-03,groove/4.2.0,3
2018-03,groove/4.3.0,3
2018-03,groove/4.3.1,3
2018-03,groove/4.4.0,3
2018-03,groove/4.4.1,3
2018-03,groove/4.4.2,3
2018-03,groove/4.4.3,3
2018-03,groove/4.4.4,3
2018-03,groove/4.4.5,3
2018-03,groove/4.5.0,3
2018-03,groove/4.5.1,3
2018-03,groove/4.5.2,3
2018-03,groove/4.6.0,3
2018-03,groove/4.7.1,3
2018-03,groove/4.8.1,3
2018-03,groove/4.8.2,3
2018-03,groove/4.8.3,3
2018-03,groove/4.8.4,3
2018-03,groove/4.8.5,3
2018-03,groove/4.8.6,3
2018-03,groove/4.8.7,3
2018-03,groove/4.9.0,2
2018-03,groove/4.9.1,2
2018-03,groove/4.9.2,2
2018-03,groove/4.9.3,3
2018-03,groove/4.9.4,3
2018-03,groove/5.0.1,3
2018-03,groove/5.1.2,3
2018-03,groove/5.2.0,3
2018-03,groove/5.2.1,3
2018-03,groove/5.2.2,3
2018-03,groove/5.2.3,3
2018-03,groove/5.2.4,3
2018-03,groove/5.3.0,3
2018-03,groove/5.3.1,3
2018-03,groove/5.3.3,3
2018-03,groove/5.3.5,3
2018-03,groove/5.3.6,3
2018-03,groove/5.4.0,3
2018-03,groove/5.5.0,3
2018-03,groove/5.5.1,3
2018-03,groove/5.5.2,3
2018-03,groove/5.5.3,3
2018-03,groove/5.5.4,5
2018-03,groove/5.5.5,3
2018-03,groove/5.5.6,3
2018-03,groove/5.5.7,3
2018-03,groove/5.5.8,3
2018-03,groove/5.6.0,2
2018-03,groove/5.7.0,3
2018-03,groove/5.7.1,3
2018-03,groove/5.7.2,46
2018-03,groove/README.md,3
2018-04,groove-docs,1
2018-04,groove-samples,6
2018-04,groove/5.7.2,10
2018-04,groove/5.7.3,10
2018-05,README.md,2
2018-05,groove-samples,8
2018-05,groove/5.7.2,1
2018-05,groove/5.7.3,27
2018-06,groove-docs,6
2018-06,groove-samples,17
2018-06,groove/5.5.7,2
2018-06,groove/5.7.2,2
2018-06,groove/5.7.3,1
2018-06,groove/5.7.4,57
2018-07,groove-docs,1
2018-07,groove-samples,1
2018-07,groove/5.7.4,25
2018-08,groove-samples,2
2018-08,groove/5.7.4,33
2018-09,groove-samples,12
2018-09,groove/5.7.4,89
2018-10,groove-docs,5
2018-10,groove-samples,1
2018-10,groove/5.7.4,20
2018-11,groove-docs,8
2018-11,groove-samples,30
2018-11,groove/4.10.0,1
2018-11,groove/4.8.6,1
2018-11,groove/5.7.4,101
2018-12,README.md,1
2018-12,groove-docs,1
2018-12,groove-samples,3
2018-12,groove/5.7.4,38
2019-01,README.md,1
2019-01,groove-docs,5
2019-01,groove-samples,53
2019-01,groove/0.2.4,3
2019-01,groove/1.0.0,1
2019-01,groove/1.1.0,4
2019-01,groove/1.1.1,3
2019-01,groove/1.1.2,3
2019-01,groove/1.2.0,1
2019-01,groove/1.4.0,2
2019-01,groove/1.4.1,2
2019-01,groove/1.4.2,2
2019-01,groove/1.6.0,1
2019-01,groove/1.8.0,2
2019-01,groove/2.0.0,2
2019-01,groove/2.0.2,2
2019-01,groove/3.0.1,2
2019-01,groove/3.1.1,2
2019-01,groove/3.2.0,2
2019-01,groove/3.2.1,3
2019-01,groove/3.2.2,3
2019-01,groove/3.3.0,2
2019-01,groove/3.3.1,3
2019-01,groove/4.0.0,2
2019-01,groove/4.0.1,2
2019-01,groove/4.0.2,1
2019-01,groove/4.1.0,2
2019-01,groove/4.10.0,1
2019-01,groove/4.2.0,1
2019-01,groove/4.3.0,3
2019-01,groove/4.3.1,2
2019-01,groove/4.4.0,1
2019-01,groove/4.4.1,3
2019-01,groove/4.4.2,2
2019-01,groove/4.4.3,2
2019-01,groove/4.4.4,3
2019-01,groove/4.4.5,2
2019-01,groove/4.5.0,1
2019-01,groove/4.5.1,3
2019-01,groove/4.5.2,2
2019-01,groove/4.6.0,2
2019-01,groove/4.7.1,2
2019-01,groove/4.8.1,2
2019-01,groove/4.8.2,2
2019-01,groove/4.8.3,3
2019-01,groove/4.8.4,2
2019-01,groove/4.8.6,3
2019-01,groove/4.9.0,2
2019-01,groove/4.9.1,2
2019-01,groove/4.9.2,1
2019-01,groove/4.9.3,3
2019-01,groove/4.9.4,1
2019-01,groove/5.0.1,1
2019-01,groove/5.1.2,1
2019-01,groove/5.2.0,3
2019-01,groove/5.2.1,3
2019-01,groove/5.2.3,2
2019-01,groove/5.2.4,3
2019-01,groove/5.3.0,2
2019-01,groove/5.3.1,1
2019-01,groove/5.3.3,1
2019-01,groove/5.3.5,2
2019-01,groove/5.3.6,1
2019-01,groove/5.4.0,2
2019-01,groove/5.5.1,2
2019-01,groove/5.5.2,1
2019-01,groove/5.5.4,2
2019-01,groove/5.5.5,1
2019-01,groove/5.5.6,3
2019-01,groove/5.5.7,2
2019-01,groove/5.5.8,2
2019-01,groove/5.7.1,2
2019-01,groove/5.7.4,15
2019-01,groove/README.md,1
2019-02,groove-docs,1
2019-02,groove-samples,28
2019-02,groove/1.4.1,1
2019-02,groove/1.6.0,2
2019-02,groove/2.0.2,1
2019-02,groove/2.0.3,1
2019-02,groove/3.0.1,2
2019-02,groove/4.1.0,1
2019-02,groove/4.10.0,1
2019-02,groove/4.2.0,1
2019-02,groove/4.4.2,1
2019-02,groove/4.5.0,1
2019-02,groove/4.6.0,1
2019-02,groove/4.7.1,1
2019-02,groove/4.8.7,1
2019-02,groove/4.9.4,1
2019-02,groove/5.2.3,1
2019-02,groove/5.3.1,1
2019-02,groove/5.3.3,1
2019-02,groove/5.3.5,1
2019-02,groove/5.3.6,1
2019-02,groove/5.4.0,2
2019-02,groove/5.5.0,1
2019-02,groove/5.5.1,1
2019-02,groove/5.5.2,1
2019-02,groove/5.5.5,1
2019-02,groove/5.5.7,1
2019-02,groove/5.6.0,1
2019-02,groove/5.7.0,1
2019-02,groove/5.7.1,1
2019-02,groove/5.7.3,1
2019-02,groove/5.7.4,27
2019-03,groove-samples,1
2019-03,groove/3.3.1,1
2019-03,groove/4.7.1,1
2019-03,groove/5.7.4,15
2019-04,groove-docs,2
2019-04,groove-samples,4
2019-04,groove/5.7.3,1
2019-04,groove/5.7.4,48
2019-05,README.md,1
2019-05,groove-docs,2
2019-05,groove-samples,5
2019-05,groove/1.8.0,1
2019-05,groove/5.7.3,1
2019-05,groove/5.7.4,37
2019-06,README.md,1
2019-06,groove-docs,8
2019-06,groove-samples,5
2019-06,groove/4.8.7,1
2019-06,groove/5.7.4,116
2019-07,groove-docs,23
2019-07,groove-samples,5
2019-07,groove/5.7.4,59
2019-08,groove-docs,2
2019-08,groove-samples,8
2019-08,groove/4.7.1,1
2019-08,groove/4.8.7,1
2019-08,groove/5.7.4,39
2019-09,README.md,1
2019-09,groove-samples,5
2019-09,groove/5.7.2,2
2019-09,groove/5.7.3,3
2019-09,groove/5.7.4,43
2019-10,groove-docs,7
2019-10,groove-samples,107
2019-10,groove/4.9.3,1
2019-10,groove/5.2.4,1
2019-10,groove/5.3.6,1
2019-10,groove/5.7.2,1
2019-10,groove/5.7.3,1
2019-10,groove/5.7.4,26
2019-11,README.md,2
2019-11,groove-docs,5
2019-11,groove-samples,84
2019-11,groove/4.7.1,1
2019-11,groove/4.8.1,2
2019-11,groove/5.7.0,1
2019-11,groove/5.7.2,6
2019-11,groove/5.7.3,2
2019-11,groove/5.7.4,55
2019-11,groove/README.md,1
2019-12,groove-samples,1
2019-12,groove/5.5.8,1
2019-12,groove/5.6.0,1
2019-12,groove/5.7.0,1
2019-12,groove/5.7.1,1
2019-12,groove/5.7.2,1
2019-12,groove/5.7.3,1
2019-12,groove/5.7.4,21
2020-01,README.md,1
2020-01,groove-docs,3
2020-01,groove-samples,3
2020-01,groove/1.4.2,1
2020-01,groove/4.7.1,1
2020-01,groove/5.7.4,28
2020-02,groove-docs,2
2020-02,groove-samples,4
2020-02,groove/4.0.2,1
2020-02,groove/5.7.3,1
2020-02,groove/5.7.4,27
2020-03,groove-docs,2
2020-03,groove/5.7.4,13
2020-04,README.md,1
2020-04,groove/5.2.1,17
2020-04,groove/5.3.3,1
2020-04,groove/5.7.4,59
2020-05,groove-samples,1
2020-05,groove/4.7.1,1
2020-05,groove/5.7.4,24
2020-06,groove-samples,1
2020-06,groove/1.4.1,1
2020-06,groove/5.7.4,8
2020-07,README.md,1
2020-07,groove-docs,1
2020-07,groove-samples,6
2020-07,groove/5.7.1,1
2020-07,groove/5.7.4,12
2020-08,groove-docs,7
2020-08,groove-samples,3
2020-08,groove/1.0.0,1
2020-08,groove/4.8.7,2
2020-08,groove/5.5.4,1
2020-08,groove/5.5.8,1
2020-08,groove/5.7.2,17
2020-08,groove/5.7.3,3
2020-08,groove/5.7.4,70
2020-09,groove-samples,1
2020-09,groove/5.7.4,16
2020-10,README.md,2
2020-10,groove-docs,1
2020-10,groove-samples,11
2020-10,groove/1.8.0,1
2020-10,groove/5.7.3,3
2020-10,groove/5.7.4,105
2020-11,groove-samples,75
2020-11,groove/0.2.4,1
2020-11,groove/1.0.0,4
2020-11,groove/1.1.0,3
2020-11,groove/1.1.1,2
2020-11,groove/1.1.2,1
2020-11,groove/1.2.0,3
2020-11,groove/1.4.0,1
2020-11,groove/1.4.1,6
2020-11,groove/1.4.2,2
2020-11,groove/1.6.0,3
2020-11,groove/1.8.0,3
2020-11,groove/2.0.0,3
2020-11,groove/2.0.2,1
2020-11,groove/2.0.3,3
2020-11,groove/3.0.0,1
2020-11,groove/3.0.1,8
2020-11,groove/3.1.1,3
2020-11,groove/3.2.0,2
2020-11,groove/3.2.1,1
2020-11,groove/3.2.2,1
2020-11,groove/3.3.0,1
2020-11,groove/3.3.1,2
2020-11,groove/4.0.0,1
2020-11,groove/4.0.1,3
2020-11,groove/4.0.2,1
2020-11,groove/4.1.0,3
2020-11,groove/4.10.0,1
2020-11,groove/4.3.0,2
2020-11,groove/4.3.1,2
2020-11,groove/4.4.0,2
2020-11,groove/4.4.1,2
2020-11,groove/4.4.2,3
2020-11,groove/4.4.3,2
2020-11,groove/4.4.4,4
2020-11,groove/4.4.5,8
2020-11,groove/4.5.0,1
2020-11,groove/4.5.1,1
2020-11,groove/4.6.0,1
2020-11,groove/4.7.1,8
2020-11,groove/4.8.1,1
2020-11,groove/4.8.2,1
2020-11,groove/4.8.3,2
2020-11,groove/4.8.4,2
2020-11,groove/4.8.5,1
2020-11,groove/4.8.6,3
2020-11,groove/4.8.7,2
2020-11,groove/4.9.1,2
2020-11,groove/4.9.2,1
2020-11,groove/4.9.4,6
2020-11,groove/5.0.1,4
2020-11,groove/5.1.2,3
2020-11,groove/5.2.0,2
2020-11,groove/5.2.1,1
2020-11,groove/5.2.2,8
2020-11,groove/5.2.3,1
2020-11,groove/5.2.4,1
2020-11,groove/5.3.0,7
2020-11,groove/5.3.1,2
2020-11,groove/5.3.3,4
2020-11,groove/5.3.5,1
2020-11,groove/5.3.6,3
2020-11,groove/5.4.0,2
2020-11,groove/5.5.0,2
2020-11,groove/5.5.1,2
2020-11,groove/5.5.2,1
2020-11,groove/5.5.3,1
2020-11,groove/5.5.4,1
2020-11,groove/5.5.5,2
2020-11,groove/5.5.6,2
2020-11,groove/5.5.7,1
2020-11,groove/5.5.8,4
2020-11,groove/5.6.0,2
2020-11,groove/5.7.0,6
2020-11,groove/5.7.1,2
2020-11,groove/5.7.2,7
2020-11,groove/5.7.3,1
2020-11,groove/5.7.4,27
2020-12,README.md,2
2020-12,groove-docs,1
2020-12,groove-samples,25
2020-12,groove/1.1.0,4
2020-12,groove/1.1.1,1
2020-12,groove/2.0.0,1
2020-12,groove/2.0.3,1
2020-12,groove/3.0.0,6
2020-12,groove/3.3.1,3
2020-12,groove/4.10.0,4
2020-12,groove/4.3.0,1
2020-12,groove/4.4.0,1
2020-12,groove/4.4.4,1
2020-12,groove/4.4.5,1
2020-12,groove/4.8.1,1
2020-12,groove/4.8.7,1
2020-12,groove/5.0.1,1
2020-12,groove/5.3.5,1
2020-12,groove/5.5.0,1
2020-12,groove/5.5.7,5
2020-12,groove/5.7.1,5
2020-12,groove/5.7.2,16
2020-12,groove/5.7.3,4
2020-12,groove/5.7.4,57
2021-01,groove-docs,4
2021-01,groove-samples,5
2021-01,groove/4.2.0,1
2021-01,groove/5.7.3,1
2021-01,groove/5.7.4,38
2021-02,README.md,1
2021-02,groove-docs,1
2021-02,groove-samples,6
2021-02,groove/5.7.4,30
2021-03,README.md,1
2021-03,groove-samples,8
2021-03,groove/4.8.7,3
2021-03,groove/5.7.2,2
2021-03,groove/5.7.4,35
2021-04,README.md,1
2021-04,groove-docs,5
2021-04,groove-samples,5
2021-04,groove/5.7.4,47
2021-05,groove-samples,2
2021-05,groove/5.7.4,16
2021-06,groove-docs,2
2021-06,groove-samples,4
2021-06,groove/1.8.0,3
2021-06,groove/5.7.4,4
2021-06,groove/5.8.0,11
2021-07,README.md,1
2021-07,groove-samples,4
2021-07,groove/5.7.0,2
2021-07,groove/5.7.2,2
2021-07,groove/5.7.4,4
2021-07,groove/5.8.0,18
2021-07,groove/5.8.1,23
2021-08,groove-samples,4
2021-08,groove/5.7.1,1
2021-08,groove/5.7.2,1
2021-08,groove/5.8.0,4
2021-08,groove/5.8.1,12
2021-09,groove-samples,6
2021-09,groove/5.7.3,1
2021-09,groove/5.7.4,1
2021-09,groove/5.8.0,1
2021-09,groove/5.8.1,41
2021-10,groove-docs,1
2021-10,groove-samples,2
2021-10,groove/5.8.1,14
2021-11,README.md,1
2021-11,groove-docs,2
2021-11,groove-samples,36
2021-11,groove/4.10.0,1
2021-11,groove/5.7.4,1
2021-11,groove/5.8.1,82
2021-12,README.md,2
2021-12,groove-samples,4
2021-12,groove/4.7.1,1
2021-12,groove/5.7.4,2
2021-12,groove/5.8.0,3
2021-12,groove/5.8.1,40
2022-01,groove-docs,2
2022-01,groove-samples,2
2022-01,groove/5.8.1,13
2022-02,groove-docs,2
2022-02,groove-samples,4
2022-02,groove/5.8.1,13
2022-03,groove-samples,4
2022-03,groove/5.7.3,1
2022-03,groove/5.7.4,5
2022-03,groove/5.8.0,1
2022-03,groove/5.8.1,11
2022-04,README.md,2
2022-04,groove-docs,1
2022-04,groove-samples,4
2022-04,groove/3.3.1,1
2022-04,groove/5.7.4,2
2022-04,groove/5.8.1,31
2022-05,groove-samples,1
2022-05,groove/5.8.1,15
2022-06,README.md,1
2022-06,groove-docs,5
2022-06,groove-samples,6
2022-06,groove/5.8.1,40
2022-06,groove/README.md,1
2022-07,groove-samples,4
2022-07,groove/5.8.1,9
2022-08,README.md,1
2022-08,groove/5.8.1,6
2022-09,groove-samples,1
2022-09,groove/5.8.1,19
2022-10,groove-samples,1
2022-10,groove/4.7.1,1
2022-10,groove/5.8.1,3
2022-10,groove/6.0.0,10
2022-11,groove-docs,1
2022-11,groove-samples,2
2022-11,groove/5.8.1,1
2022-11,groove/6.0.0,51
2022-12,groove-samples,7
2022-12,groove/5.8.1,4
2022-12,groove/6.0.0,25
2023-01,README.md,1
2023-01,groove-samples,3
2023-01,groove/4.0.0,1
2023-01,groove/5.0.1,1
2023-01,groove/5.8.1,3
2023-01,groove/6.0.0,13
2023-02,groove-samples,1
2023-02,groove/5.6.0,1
2023-02,groove/5.7.4,1
2023-02,groove/5.8.1,5
2023-02,groove/6.0.0,18
2023-03,groove-samples,4
2023-03,groove/1.1.1,1
2023-03,groove/4.8.1,1
2023-03,groove/5.7.4,1
2023-03,groove/5.8.1,3
2023-03,groove/6.0.0,26
2023-04,README.md,1
2023-04,groove-samples,13
2023-04,groove/1.0.0,1
2023-04,groove/4.8.7,1
2023-04,groove/5.8.1,1
2023-04,groove/6.0.0,1
2023-04,groove/6.0.2,5
2023-04,groove/6.0.3,56
2023-05,README.md,2
2023-05,groove-docs,3
2023-05,groove-samples,8
2023-05,groove/3.3.1,1
2023-05,groove/4.7.1,1
2023-05,groove/4.8.7,1
2023-05,groove/5.8.1,1
2023-05,groove/6.0.3,160
2023-06,README.md,1
2023-06,groove-docs,7
2023-06,groove-samples,10
2023-06,groove/5.8.1,1
2023-06,groove/6.0.3,51
2023-07,groove-samples,4
2023-07,groove/5.4.0,1
2023-07,groove/5.5.6,1
2023-07,groove/6.0.3,11
2023-08,groove-docs,1
2023-08,groove-samples,82
2023-08,groove/0.2.4,3
2023-08,groove/1.0.0,4
2023-08,groove/1.1.0,3
2023-08,groove/1.1.1,4
2023-08,groove/1.1.2,4
2023-08,groove/1.2.0,3
2023-08,groove/1.4.0,2
2023-08,groove/1.4.1,3
2023-08,groove/1.4.2,3
2023-08,groove/1.6.0,3
2023-08,groove/1.8.0,3
2023-08,groove/2.0.0,2
2023-08,groove/2.0.2,3
2023-08,groove/2.0.3,3
2023-08,groove/3.0.0,3
2023-08,groove/3.0.1,3
2023-08,groove/3.1.1,3
2023-08,groove/3.2.0,3
2023-08,groove/3.2.1,3
2023-08,groove/3.2.2,3
2023-08,groove/3.3.0,2
2023-08,groove/3.3.1,3
2023-08,groove/4.0.0,3
2023-08,groove/4.0.1,2
2023-08,groove/4.0.2,3
2023-08,groove/4.1.0,3
2023-08,groove/4.10.0,3
2023-08,groove/4.2.0,3
2023-08,groove/4.3.0,3
2023-08,groove/4.3.1,3
2023-08,groove/4.4.0,2
2023-08,groove/4.4.1,3
2023-08,groove/4.4.2,2
2023-08,groove/4.4.3,3
2023-08,groove/4.4.4,3
2023-08,groove/4.4.5,3
2023-08,groove/4.5.0,2
2023-08,groove/4.5.1,3
2023-08,groove/4.5.2,3
2023-08,groove/4.6.0,3
2023-08,groove/4.7.1,3
2023-08,groove/4.8.1,3
2023-08,groove/4.8.2,3
2023-08,groove/4.8.3,3
2023-08,groove/4.8.4,3
2023-08,groove/4.8.5,2
2023-08,groove/4.8.6,3
2023-08,groove/4.8.7,3
2023-08,groove/4.9.0,2
2023-08,groove/4.9.1,2
2023-08,groove/4.9.2,2
2023-08,groove/4.9.3,3
2023-08,groove/4.9.4,3
2023-08,groove/5.0.1,3
2023-08,groove/5.1.2,2
2023-08,groove/5.2.0,3
2023-08,groove/5.2.1,3
2023-08,groove/5.2.2,3
2023-08,groove/5.2.3,3
2023-08,groove/5.2.4,3
2023-08,groove/5.3.0,3
2023-08,groove/5.3.1,1
2023-08,groove/5.3.3,3
2023-08,groove/5.3.5,2
2023-08,groove/5.3.6,3
2023-08,groove/5.4.0,3
2023-08,groove/5.5.0,3
2023-08,groove/5.5.1,2
2023-08,groove/5.5.2,2
2023-08,groove/5.5.3,3
2023-08,groove/5.5.4,3
2023-08,groove/5.5.5,2
2023-08,groove/5.5.6,3
2023-08,groove/5.5.7,3
2023-08,groove/5.5.8,3
2023-08,groove/5.6.0,1
2023-08,groove/5.7.0,3
2023-08,groove/5.7.1,2
2023-08,groove/5.7.2,3
2023-08,groove/5.7.3,2
2023-08,groove/5.7.4,2
2023-08,groove/6.0.3,5
2023-08,groove/6.1.0,10
2023-09,README.md,2
2023-09,groove-docs,9
2023-09,groove-samples,5
2023-09,groove/0.2.4,1
2023-09,groove/1.0.0,1
2023-09,groove/1.1.0,1
2023-09,groove/1.4.0,1
2023-09,groove/2.0.0,1
2023-09,groove/3.3.0,1
2023-09,groove/4.0.1,1
2023-09,groove/4.4.0,1
2023-09,groove/4.4.2,1
2023-09,groove/4.5.0,2
2023-09,groove/4.8.5,1
2023-09,groove/5.1.2,1
2023-09,groove/5.3.1,2
2023-09,groove/5.3.5,1
2023-09,groove/5.5.1,1
2023-09,groove/5.5.2,1
2023-09,groove/5.6.0,1
2023-09,groove/5.7.1,1
2023-09,groove/5.7.3,1
2023-09,groove/5.7.4,1
2023-09,groove/6.1.0,26
2023-09,groove/README.md,1
2023-10,groove-samples,5
2023-10,groove/5.5.0,2
2023-10,groove/5.8.1,2
2023-10,groove/6.0.0,1
2023-10,groove/6.1.0,13
2023-10,groove/6.2.0,3
2023-10,groove/6.2.1,14
2023-10,groove/6.4.0,4
2023-10,groove/6.5.0,1
2023-10,groove/6.5.1,1
2023-11,README.md,3
2023-11,groove-docs,2
2023-11,groove-samples,7
2023-11,groove/5.8.1,1
2023-11,groove/6.0.0,1
2023-11,groove/6.0.3,1
2023-11,groove/6.1.0,1
2023-11,groove/6.2.1,6
2023-11,groove/6.5.1,7
2023-11,groove/6.5.2,69
2023-11,groove/6.6.2,3
2023-11,groove/6.6.3,48
2023-11,groove/6.6.4,4
2023-12,README.md,1
2023-12,groove-samples,2
2023-12,groove/4.4.3,1
2023-12,groove/5.7.2,1
2023-12,groove/6.6.3,3
2023-12,groove/6.6.4,8
2024-01,groove-samples,1
2024-01,groove/4.8.7,1
2024-01,groove/5.7.0,1
2024-01,groove/5.7.4,9
2024-01,groove/6.5.1,1
2024-01,groove/6.6.3,1
2024-01,groove/6.6.4,8
2024-02,README.md,1
2024-02,groove-docs,5
2024-02,groove-samples,3
2024-02,groove/1.1.2,1
2024-02,groove/3.2.1,1
2024-02,groove/4.10.0,1
2024-02,groove/5.7.4,50
2024-02,groove/5.8.1,4
2024-02,groove/6.6.3,1
2024-02,groove/6.6.4,1
2024-02,groove/6.7.0,6
2024-02,groove/6.7.1,4
2024-02,groove/6.7.3,3
2024-03,groove/1.1.2,1
2024-03,groove/5.7.4,54
2024-03,groove/6.7.3,12
2024-03,groove/6.8.0-go-to-github,1
2024-04,groove/4.7.1,1
2024-04,groove/5.7.4,59
2024-04,groove/6.7.3,12
2024-04,release-6_8_1,14
2024-05,groove/5.7.4,53
2024-05,groove/6.7.3,4
2024-05,release-6_8_1,7
2024-06,README.md,2
2024-06,groove-samples,6
2024-06,groove/4.7.1,4
2024-06,groove/5.7.4,48
2024-06,groove/5.8.1,1
2024-06,groove/6.7.3,40
2024-06,release-6_8_1,30
2024-06,release-6_8_3,2
2024-07,groove/5.7.4,60
2024-07,groove/5.8.1,1
2024-07,release-6_8_1,4
2024-07,release-6_8_3,3
2024-07,release-6_8_4,4
2024-07,release-6_9_0,5
2024-08,groove-samples,3
2024-08,groove/5.7.4,61
2024-08,release-6_9_3,6
2024-09,groove-samples,1
2024-09,groove/5.7.4,59
2024-09,release-6_9_3,2
2024-09,release-6_9_4,7
2024-09,release-7_0_0,3
2024-10,README.md,1
2024-10,groove/5.7.4,61
2024-10,release-6_9_1,1
2024-10,release-7_0_0,4
2024-11,groove/5.7.4,58
2024-11,groove/6.6.3,2
2024-11,release-7_0_1,43
2024-12,groove/4.10.0,1
2024-12,groove/4.7.1,1
2024-12,groove/5.7.4,61
2024-12,release-7_0_1,8
2024-12,release-7_0_2,16
2025-01,groove/5.7.4,61
2025-01,release-7_0_2,15
2025-02,OldFiles,3
2025-02,groove-samples,6
2025-02,groove/4.8.7,1
2025-02,groove/5.7.4,57
2025-02,groove/6.6.3,1
2025-02,groove/6.6.4,1
2025-02,groove/6.7.0,2
2025-02,groove/6.7.1,1
2025-02,groove/6.7.3,1
2025-02,release-6_8_1,1
2025-02,release-6_8_2,1
2025-02,release-6_8_3,1
2025-02,release-6_8_4,1
2025-02,release-6_9_0,1
2025-02,release-6_9_1,1
2025-02,release-6_9_2,1
2025-02,release-6_9_3,1
2025-02,release-6_9_4,1
2025-02,release-7_0_0,1
2025-02,release-7_0_1,4
2025-02,release-7_0_2,13
2025-02,release-7_0_3,14
2025-02,release-7_0_4,10
2025-03,OldFiles,1
2025-03,README.md,1
2025-03,groove-samples,1
2025-03,groove/4.8.7,2
2025-03,groove/5.0.1,1
2025-03,groove/5.5.8,1
2025-03,groove/5.7.4,47
2025-03,groove/6.7.1,1
2025-03,release-7_0_4,21
2025-03,release-7_0_6,1
2025-03,release-7_0_7,5
2025-03,release-7_1_1,2
2025-04,groove/5.7.4,55
2025-04,groove/6.5.1,1
2025-04,release-7_0_7,1
2025-04,release-7_2_0,6
2025-04,release-7_3_0,7
2025-04,release-7_3_1,12
2025-04,release-7_4_0,4
2025-04,release-7_4_1,2
2025-04,release-7_4_2,5
2025-04,release-7_4_3,5
2025-05,groove/5.7.4,47
2025-05,release-7_0_4,1
2025-05,release-7_4_3,3
2025-06,OldFiles,1
2025-06,groove-samples,2
2025-06,groove/5.7.4,55
2025-06,groove/5.8.1,1
2025-06,groove/6.5.2,1
2025-06,groove/6.6.4,1
2025-06,groove/6.7.1,1
2025-06,groove/6.7.3,2
2025-06,release-7_4_3,24
2025-07,OldFiles,2
2025-07,groove-samples,3
2025-07,groove/4.7.1,1
2025-07,groove/4.8.7,1
2025-07,groove/5.7.4,51
2025-07,groove/6.6.3,2
2025-07,groove/6.6.4,3
2025-07,groove/6.7.0,8
2025-07,groove/6.7.1,4
2025-07,groove/6.7.3,4
2025-07,release-6_8_2,1
2025-07,release-6_9_4,1
2025-07,release-7_0_0,1
2025-07,release-7_4_3,24
2025-08,groove-samples,2
2025-08,groove/5.0.1,1
2025-08,groove/6.7.1,1
2025-08,groove/6.7.3,1
2025-08,release-7_0_3,1
2025-08,release-7_4_3,7
2025-09,OldFiles,1
2025-09,groove-samples,3
2025-09,groove/6.7.1,1
2025-09,release-7_3_0,1
2025-09,release-7_4_2,1
2025-09,release-7_4_3,33
2025-10,OldFiles,2
2025-10,groove-samples,8
2025-10,groove/1.1.1,1
2025-10,groove/1.1.2,1
2025-10,groove/1.4.1,2
2025-10,groove/2.0.0,3
2025-10,groove/2.0.3,1
2025-10,groove/3.0.0,1
2025-10,groove/3.2.1,1
2025-10,groove/3.3.1,1
2025-10,groove/4.1.0,2
2025-10,groove/4.4.3,1
2025-10,groove/4.4.4,1
2025-10,groove/5.2.1,1
2025-10,groove/5.2.3,1
2025-10,groove/5.2.4,1
2025-10,groove/5.4.0,1
2025-10,groove/5.5.2,2
2025-10,groove/5.5.6,1
2025-10,groove/5.6.0,1
2025-10,groove/5.7.2,2
2025-10,groove/5.8.1,2
2025-10,groove/6.0.0,3
2025-10,groove/6.0.3,1
2025-10,groove/6.5.2,1
2025-10,groove/6.6.2,1
2025-10,groove/6.6.3,4
2025-10,groove/6.6.4,1
2025-10,groove/6.7.0,2
2025-10,groove/6.7.3,2
2025-10,release-6_9_4,2
2025-10,release-7_4_3,12
2025-11,groove-samples,2
2025-11,groove/5.8.1,1
2025-11,groove/6.7.0,1
2025-11,groove/6.7.1,1
2025-11,groove/6.7.3,1
2025-11,release-7_0_1,21
2025-11,release-7_4_3,18
2025-12,OldFiles,1
2025-12,groove/5.8.1,8
2025-12,groove/6.6.3,1
2025-12,release-7_4_2,1
2025-12,release-7_4_3,20
2026-01,OldFiles,1
2026-01,groove/4.7.1,1
2026-01,groove/6.6.3,1
2026-01,groove/6.6.4,1
2026-01,groove/6.7.0,2
2026-01,release-7_4_3,6
2026-02,OldFiles,1
2026-02,groove-samples,3
2026-02,groove/5.8.1,3
2026-02,groove/6.6.3,1
2026-02,groove/6.7.0,1
2026-02,release-6_9_4,1
2026-02,release-7_4_3,11
2026-02,release-7_5_0,8
2026-03,OldFiles,1
2026-03,groove/4.7.1,1
2026-03,groove/6.6.3,1
2026-03,groove/6.7.0,1
2026-03,groove/6.7.3,1
2026-03,release-7_5_0,4
2026-04,groove-docs,1
2026-04,groove-samples,1
2026-04,groove/6.6.4,2
2026-04,groove/6.7.0,2
2026-04,groove/6.7.1,1
2026-04,groove/6.7.3,1
2026-04,release-7_0_6,1
2026-04,release-7_3_0,1
2026-04,release-7_5_0,5
2026-05,OldFiles,1
2026-05,groove/4.7.1,1
2026-05,groove/5.8.1,2
2026-05,groove/6.7.0,1
2026-05,groove/6.7.1,1
2026-05,release-6_9_4,2
2026-05,release-7_0_2,2
2026-05,release-7_5_0,4
2026-05,release-7_5_2,5
2026-06,groove-docs,1
2026-06,groove-samples,1
2026-06,groove/5.8.0,1
2026-06,groove/5.8.1,1
2026-06,groove/6.7.0,1
2026-06,groove/6.7.3,1
2026-06,release-6_9_4,1
2026-06,release-7_0_2,1
2026-06,release-7_5_0,4
2026-06,release-7_5_2,4
2026-07,groove/5.8.0,2
2026-07,groove/6.7.0,2
2026-07,groove/6.7.1,1
2026-07,groove/6.7.3,2
2026-07,release-6_9_0,1
2026-07,release-7_0_0,2
2026-07,release-7_0_2,1
2026-07,release-7_0_4,1
2026-07,release-7_0_5,1
2026-07,release-7_0_6,1
2026-07,release-7_1_0,1
2026-07,release-7_2_0,1
2026-07,release-7_3_0,2
2026-07,release-7_4_0,1
2026-07,release-7_4_1,1
2026-07,release-7_4_2,1
2026-07,release-7_4_3,1
2026-07,release-7_5_1,1
2026-07,release-7_5_2,1
2026-07,release-7_5_3,11
2026-08,OldFiles,5
2026-08,groove-docs,1
2026-08,groove-samples,2
2026-08,groove/4.7.1,1
2026-08,groove/5.8.0,2
2026-08,groove/5.8.1,6
2026-08,groove/6.6.3,1
2026-08,groove/6.7.3,1
2026-08,release-6_8_1,1
2026-08,release-6_9_0,1
2026-08,release-6_9_1,1
2026-08,release-7_4_3,1
2026-08,release-7_5_3,6
2026-09,OldFiles,6
2026-09,README.md,1
2026-09,groove-docs,2
2026-09,groove-samples,6
2026-09,groove/4.0.0,1
2026-09,groove/4.0.2,3
2026-09,groove/5.2.2,1
2026-09,groove/5.7.2,1
2026-09,groove/5.8.0,1
2026-09,groove/5.8.1,19
2026-09,groove/6.7.0,1
2026-09,groove/6.7.3,2
2026-09,release-6_8_4,1
2026-09,release-6_9_4,1
2026-09,release-7_0_0,1
2026-09,release-7_0_2,1
2026-09,release-7_0_6,1
2026-09,release-7_4_2,2
2026-09,release-7_5_3,6
